adopted,"
adj.被收养的，被采用的v.采用( adopt的过去式和过去分词 )；收养；正式接受；吸收（外来词语）
"
against,"
prep.反对；对…不利；紧靠；以防
"
ah,"
int.啊易混淆的单词：AhAHaH
"
alive,"
adj.活着的；活泼的；有生气的；敏感的易混淆的单词：ALIVEAlive
"
ambitious,"
adj.有雄心的；有野心的；费力的；耗资的比较级：more ambitious最高级：most ambitious
"
ambushed,"
v.埋伏( ambush的过去式和过去分词 )；埋伏着易混淆的单词：Ambushed
"
ancient,"
adj.古代的，已往的；古老的，过时的；年老的；老式的n.古代人；古文明国的国民；&lt;古&gt;高龄老人；&lt;古&gt;旗手复数：ancients
"
antenna,"
n.[生] 触角，触须；感觉，直觉；天线复数：antennasantennae易混淆的单词：Antenna
"
apart,"
adv.相隔，相距；分散地，分开地；成部分，成碎片；分辨adj.分离的，隔离的
"
appetite,"
n.欲望；胃口，食欲；嗜好，爱好复数：appetites易混淆的单词：Appetite
"
arm,"
n.臂；武器；[复数]战事；权力vi.准备（斗争），准备行动（against）vt.装备（防御工事）；准备（攻击或迎击）；配备；防护复数：arms第三人称单数：arms过去式：armed过去分词：armed现在分词：arming易混淆的单词：ArmARM
"
armor,"
n.装甲；盔甲；保障；装甲部队vt.为…穿盔甲（或加置装甲）；为…提供防御第三人称单数：armors过去式：armored过去分词：armored现在分词：armoring易混淆的单词：Armor
"
army,"
n.军队；陆军；团体；野战军复数：armies易混淆的单词：Army
"
artifacts,"
n.史前古器物
"
asthma,"
n.&lt;医&gt;气喘，哮喘
"
ate,"
abbr.Automatic Test Equipment 自动试验设备v.吃（过去式）易混淆的单词：ATE
"
attention,"
n.注意，注意力；照料，关怀；殷勤int.[口令]立正复数：attentions
"
await,"
vt.等候；等待；期待第三人称单数：awaits过去式：awaited过去分词：awaited现在分词：awaiting
"
awaits,"
v.等候( await的第三人称单数 )；等待；期待；将发生在
"
awesome,"
adj.令人敬畏的；使人畏惧的；可怕的；极好的
"
awesomely,"
赫然
"
backache,"
n.背痛，腰痛复数：backaches
"
badger,"
n.獾；獾皮；（大写）獾州人（美国威斯康星州人的别称）；&lt;动&gt;&lt;澳&gt;毛鼻袋熊vt.纠缠不休；吵着要；烦扰复数：badgers第三人称单数：badgers过去式：badgered现在分词：badgering易混淆的单词：Badger
"
banished,"
v.放逐，驱逐( banish的过去式和过去分词 )
"
barely,"
adv.仅仅，勉强，好容易才；几乎不，几乎没有；赤裸裸地，无遮蔽地；公然地，露骨地，公开地
"
bath,"
n.沐浴；洗澡；浴缸，澡盆；浸，泡，洗澡水vt.&amp; vi.（给…）洗澡复数：baths第三人称单数：baths过去式：bathed现在分词：bathing易混淆的单词：BathBATH
"
beast,"
n.野兽；人面兽心的人；讨厌的人（或事物）；老顽固，坏蛋复数：beasts易混淆的单词：BeastBEAST
"
beat,"
vi.（心脏等）跳动；搜索；（风、雨等）吹打；（鼓）咚咚地响vt.&amp; vi.接连地击打vt.打败；敲打；控制；避免n.节拍；（鼓的）一击；管区adj.[美国口语]大吃一惊的；[常作 B-]“反传统一代”成员的；摇滚音乐的；[口语]（体力或情绪上）疲劳不堪的第三人称单数：beats过去式：beat过去分词：beaten现在分词：beating易混淆的单词：BEATBeat
"
behold,"
vt.看到，注视；领悟vi.瞧；用在祈使句中以引起人注意int.瞧，看呀第三人称单数：beholds过去式：beheld过去分词：beheld现在分词：beholding
"
bellies,"
n.肚子( belly的名词复数 )；腹部；（物体的）圆形或凸起部份；腹部…形的
"
belly,"
n.肚子，腹部；（物体的）圆形或凸起部份；胃口，食欲；腹部…形的vt.&amp; vi.膨胀复数：bellies第三人称单数：bellies过去式：bellied过去分词：bellied现在分词：bellying
"
bestie,"
〈俚〉最好的朋友；闺蜜
"
betrayed,"
v.对…不忠( betray的过去式和过去分词 )；背叛；出卖；泄露易混淆的单词：Betrayed
"
bigger,"
adj.大的，长大的；大的( big的比较级 )；重要的；（计划） 庞大的；大方的易混淆的单词：Bigger
"
birdie,"
n.小鸟儿；小鸟球（高尔夫中指某洞的杆数低于标准杆一杆）vt.高尔夫中以低于标准杆一杆的成绩打进复数：birdies第三人称单数：birdies过去式：birdied过去分词：birdied现在分词：birdying易混淆的单词：BIRDIE
"
bit,"
n.一点，一块；少量，少许；一会儿，一转眼；[计] 比特（二进位制信息单位）adj.很小的，微不足道的adv.[口语]相当，有点儿，或多或少，多少[a bit to的省略]vt.给（马）上嚼子；上衔铁；抑制；制约v.咬，叮( bite的过去式)；刺痛；咬饵；有咬（或叮）的习性复数：bits第三人称单数：bits过去式：bitted过去分词：bitted现在分词：bitting易混淆的单词：BitBIT
"
bite,"
vt.&amp; vi.咬；叮n.咬；咬伤；疼痛；受骗vi.刺痛；咬饵；有咬（或叮）的习性；（人）上当vt.（辣椒，胡椒等）刺激；（齿轮，螺丝，钳子，锚等）咬住；（利器等）刺进；（寒风等）刺骨abbr.机内测试设备(Built-In Test Equipment)复数：bites第三人称单数：bites过去式：bit过去分词：bitten现在分词：biting易混淆的单词：BITE
"
blade-swinging,None
blame,"
vt.指责，责怪；归咎于n.责备；责任；过失第三人称单数：blames过去式：blamed过去分词：blamed现在分词：blaming
"
blank,"
adj.空白的；空的，无信息的，未填写的；茫然的；空虚的n.空的空间或地点；填空处，空白表格；坯；无用的东西vt.消失；挡住通路；[体育运动] 阻止（对手）得分；打孔，盖印vi.走神；逐渐消失复数：blanks第三人称单数：blanks过去式：blanked现在分词：blanking易混淆的单词：Blank
"
blinked,"
v.眨眼睛( blink的过去式 )；闪亮，闪烁易混淆的单词：Blinked
"
bought,"
v.购买，购得( buy的过去式和过去分词 )；做出牺牲以获得；够支付；买通
"
bring,"
vt.带来，引来；促使，引起；提供；导致第三人称单数：brings过去式：brought过去分词：brought现在分词：bringing易混淆的单词：Bring
"
brother-in-arms,None
buddy,"
n.密友，好友；同伴，搭档；互相帮助的朋友；[名]巴迪vi.交朋友；做朋友复数：buddies第三人称单数：buddies过去式：buddied过去分词：buddied现在分词：buddying易混淆的单词：Buddy
"
buffet,"
n.自助餐；火车饮食柜台；车站快餐部 复数：buffets第三人称单数：buffets过去式：buffeted过去分词：buffeted现在分词：buffeting
"
bunch,"
n.束，串，捆；一串，一群；一帮，一伙；[非正式用语]大量vt.聚成一串，形成一串；聚成一组；使起褶：使（织物）起褶vi.形成一串，形成一组；打褶；膨胀，凸出复数：bunches第三人称单数：bunches过去式：bunched过去分词：bunched现在分词：bunching易混淆的单词：Bunch
"
bunnies,"
n.兔子( bunny的名词复数 )
"
buns,"
n.圆形的小面包或点心( bun的名词复数 )；（女子的）圆发髻
"
butt,"
n.烟蒂，屁股；笑柄；（武器或工具的）粗大的一端；大酒桶vt.&amp; vi.用头撞或顶；碰撞复数：butts第三人称单数：butts过去式：butted过去分词：butted现在分词：butting易混淆的单词：Butt
"
cannonball,"
n.炮弹vi.[美国俚语]迅速移动；（炮弹般地）疾驶（
1
6
5
5～
1
6
6
5）adj.[俚语]快的；飞速的复数：cannonballs第三人称单数：cannonballs过去式：cannonballed过去分词：cannonballed现在分词：cannonballing
"
cape,"
n.斗篷； 披肩；海角； 岬复数：capes易混淆的单词：CapeCAPE
"
captioned,"
adj.标题下的v.给（图片、照片等）加说明文字( caption的过去式和过去分词 )
"
carried,"
adj.被携带的，被运载的v.支撑( carry的过去式和过去分词 )；携带；输送；运载
"
cave,"
n.洞穴；〈方〉地窖vt.&amp; vi.（使）塌陷，倒塌；暗中破坏vi.屈服复数：caves第三人称单数：caves过去式：caved过去分词：caved现在分词：caving易混淆的单词：CaveCAVeCAVE
"
chao,"
[地名] [秘鲁] 查奥
"
charge,"
vt.装载；控诉；使充电；索价vi.索价；向前冲；记在账上；充电n.要价；指控；指责；电荷复数：charges第三人称单数：charges过去式：charged过去分词：charged现在分词：charging易混淆的单词：ChargeCHARGE
"
chat-chat,None
chi,"
n.希腊字母的第 
2
2字复数：chis易混淆的单词：ChiChICHI
"
"chi""","
n.希腊字母的第 
2
2字复数：chis易混淆的单词：ChiChICHI
"
chick,"
n.小鸡；小鸟；少妇；&lt;口&gt;小姐adj.胆小的；雅致的复数：chicks易混淆的单词：Chick
"
chit-chat,"
n.闲聊，叽叽喳喳
"
chitty-chitty,None
choked,"
v.填塞( choke的过去式和过去分词 )；（使）窒息；（尤指感情激动）而哽咽；因紧张而失灵易混淆的单词：Choked
"
chopsticks,"
n.筷子；筷子( chopstick的名词复数 )
"
chose,None
chow,"
n.原产地中国的狗（体壮，有褐或黑色厚毛，舌为深蓝色）复数：chows易混淆的单词：Chow
"
chrysanthemum,"
n.菊花；菊属复数：chrysanthemums
"
chubby,"
adj.胖乎乎的，圆胖的，丰满的比较级：chubbier最高级：chubbiest
"
claw,"
n.（动物的）爪；（蟹等的）钳；爪形器具vt.&amp; vi.用爪抓（或挖）复数：claws第三人称单数：claws过去式：clawed过去分词：clawed现在分词：clawing易混淆的单词：CLAW
"
compliment,"
n.恭维；敬意；道贺，贺词；致意vt.向…道贺；称赞；向…致意复数：compliments第三人称单数：compliments过去式：complimented过去分词：complimented现在分词：complimenting
"
compliments,"
n.问候，道贺，致意；赞美（话）( compliment的名词复数 )；向…送礼以表示敬意；问候；致意v.表扬，恭维( compliment的第三人称单数 )
"
consider,"
vt.&amp; vi.考虑；把（某人，某事）看作…，认为（某人，某事）如何；考虑，细想vt.考虑；认为；看重；以为vi.仔细考虑；深思第三人称单数：considers过去式：considered过去分词：considered现在分词：considering
"
consumed,"
v.消耗( consume的过去式和过去分词 )；烧毁；大吃；使充满（强烈的感情）
"
contest,"
vt.竞争，为…而奋争；辩驳vi.争斗；竞争；争夺复数：contests第三人称单数：contests过去式：contested过去分词：contested现在分词：contesting
"
continue,"
vi.持续；逗留；维持原状vt.延期；使延伸；使持续；继续说第三人称单数：continues过去式：continued过去分词：continued现在分词：continuing
"
cookie,"
n.饼干；小甜点；吸引人的年轻妇女；甜面包复数：cookies易混淆的单词：Cookie
"
cookies,"
n.[美]甜饼干，（苏格兰）一种小面包；[俚]家伙，人；饼干( cookie的名词复数 )；人（尤指男人）；饼干( cooky的名词复数 )易混淆的单词：Cookies
"
coolest,"
adj.冷静的( cool的最高级 )；冷漠的；凉快的；孤傲冷漠的
"
correct,"
adj.正确的；合适的；符合公认准则的；得体的v.改正；批改；指出错误第三人称单数：corrects过去式：corrected过去分词：corrected现在分词：correcting
"
couple,"
n.对，双；配偶，夫妻；&lt;口&gt;几个，两三个vt.&amp;vi.连在一起，连接；成双，结婚；性交，交配复数：couples第三人称单数：couples过去式：coupled过去分词：coupled现在分词：coupling易混淆的单词：COUPLE
"
course,"
n.课程；航线；行动方向；一道菜vt.快速地流动；奔流；跑过；追逐vi.沿…（方向）前进；指引航线；快跑；迅速移动复数：courses第三人称单数：courses过去式：coursed现在分词：coursing
"
cousins,"
n.堂[表]兄弟[姊妹]( cousin的名词复数 )；远亲，同辈，同胞易混淆的单词：Cousins
"
crazy,"
adj.疯狂的；不理智的；离奇的；生气的n.[俚语]疯子，怪人，政治狂人（尤指政治上持激进或极端主义态度、行为异常、不可思议的人）复数：crazies比较级：crazier最高级：craziest易混淆的单词：Crazy
"
creatures,"
n.生物，动物( creature的名词复数 )；人
"
critical,"
adj.批评的，爱挑剔的；关键的；严重的；极重要的
"
croc,"
n.&lt;口&gt;鳄鱼易混淆的单词：CROC
"
crossbow,"
n.（昔日的）石弓，弩复数：crossbows易混淆的单词：CROSSBOW
"
cruel,"
adj.残酷的，残忍的；使人痛苦的，让人受难的；无情的，严酷的比较级：crueller最高级：cruellest易混淆的单词：CRUEL
"
crushing,"
adj.压倒的；决定性的；支离破碎的v.压碎，压坏( crush的现在分词)；镇压，征服；冲入(crush的现在分词)
"
daddy,"
n.爸爸；爹；甜心爸爸（在年轻女子身上乱花钱的阔老头）；老色鬼复数：daddies
"
danger,"
n.危险；危险物，威胁复数：dangers
"
dare,"
vt.敢；敢做；激（某人做某事）；问（某人）有没有胆量（做某事）vi.敢；敢于；大胆；无畏于aux.敢，竟敢n.激将，挑战第三人称单数：dares过去式：dared过去分词：dared现在分词：daring易混淆的单词：DAREDare
"
deal,"
vt.[牌戏]分；分配；经营；施予n.（一笔）交易；许多；待遇；发牌vi.论述；（有效地或成功地）处理；惩处；交易adj.冷杉木制的，松木制的复数：deals第三人称单数：deals过去式：dealt过去分词：dealt现在分词：dealing易混淆的单词：DEALDeal
"
decide,"
vt.决定；决心；解决；裁决vi.决定；下决心第三人称单数：decides过去式：decided过去分词：decided现在分词：deciding
"
defeats,"
v.击败( defeat的第三人称单数 )；战胜；挫败；使困惑
"
defense,"
n.(D-)（美国）国防部，防卫，防卫物vt.谋划抵御
"
deluxe,"
adj.高级的；豪华的
"
destined,"
adj.命中注定的，预定的；去往…的v.注定(destine的过去式和过去分词)
"
destiny,"
n.命运；天命，天数；命运的三女神；主宰事物的力量复数：destinies易混淆的单词：Destiny
"
dim,"
adj.暗淡的，昏暗的；不光明的；看不清的；（性质和特征上）不显著的vt.&amp; vi.（使）变暗淡；（使）变模糊；（使）减弱；变淡漠n.笨蛋，傻子第三人称单数：dims过去式：dimmed过去分词：dimmed现在分词：dimming比较级：dimmer最高级：dimmest易混淆的单词：DimDIM
"
disagreement,"
n.分歧，意见不合；异议，争论；不一致；不适合复数：disagreements
"
disappearing,"
v.不见，消失( disappear的现在分词 )；不复存在；掩始；隐显
"
disaster,"
n.灾难；彻底的失败；不幸；祸患复数：disasters易混淆的单词：Disaster
"
distract,"
vt.使分心；使混乱第三人称单数：distracts过去式：distracted过去分词：distracted现在分词：distracting
"
dolls,"
abbr.dollars （复数）元n.（口技演员使用的）木偶( doll的名词复数 )；玩偶；纨绔子弟；漂亮的姑娘v.把…打扮漂亮( doll的第三人称单数 )易混淆的单词：Dolls
"
dolphin's,None
dolphin-style,None
doom,"
n.命运；厄运；死亡；（尤指不利的、有罪的）判决，宣判vt.注定；判定；使…的失败；宣判第三人称单数：dooms过去式：doomed过去分词：doomed现在分词：dooming易混淆的单词：Doom
"
double-dad,None
double-gong,None
dragon,"
n.龙，龙船；[D-][天文学]天龙（星座）；[口语、贬义]脾气暴躁的人复数：dragons易混淆的单词：DRAGONDragon
"
ducks,"
n.鸭( duck的名词复数 )；鸭肉；（表示友好的称呼）乖乖；（板球）零分
"
dumpling,"
n.汤团，饺子；水果布丁；矮胖的人；[用于爱称]宝贝复数：dumplings
"
dumpling-eating,None
dumplings,"
n.汤团( dumpling的名词复数 )；饺子；水果布丁；矮胖的人
"
eagle,"
n.鹰；鹰状标志；[高]比标准杆少两杆的分数v.[高]低于标准杆数两杆复数：eagles第三人称单数：eagles过去式：eagled过去分词：eagled现在分词：eagling易混淆的单词：EagleEAGLE
"
earth,None
eastern,"
adj.东方的，东部（地方）的；朝东的；来自东方的n.东方人；（美国）东部地区的人；东正教信徒复数：easterns
"
em,"
n.全身，行长单位adj.全身长（或宽）的（印刷符号）复数：ems易混淆的单词：EmEM
"
embarrassing,"
adj.使人尴尬的，令人为难的v.（使）窘迫，（使）局促不安( embarrass的现在分词)
"
emerge,"
vi.出现，浮现；暴露；摆脱第三人称单数：emerges过去式：emerged过去分词：emerged现在分词：emerging
"
emperor,"
n.皇帝，君主复数：emperors易混淆的单词：Emperor
"
enemies,"
n.仇敌( enemy的名词复数 )；敌军；危害物；大敌
"
energy,"
n.[物]能量；活力；精力；精神复数：energies
"
engage,"
vt.吸引住；聘用；与…交战vi.与…建立密切关系；衔接；从事；紧密结合第三人称单数：engages过去式：engaged过去分词：engaged现在分词：engaging
"
enlightened,"
adj.开明的；有知识的；有见识的；进步的v.启发；开导
"
entrance,"
n.入口，进口；进入；进入方法，进入方式；入场权vt.使出神，使入迷；使喜悦，使狂喜复数：entrances第三人称单数：entrances过去式：entranced过去分词：entranced现在分词：entrancing
"
eternal,"
adj.永恒的，永久的；似乎不停的，没完没了的；不朽的；永生的n.永恒的事物；Eternal 上帝，与定冠词the 连用复数：eternals
"
evacuated,"
adj.撤退者的v.撤离，疏散( evacuate的过去式和过去分词 )；排空（胃肠），排泄（粪便）；（从危险的地方）撤出，搬出，撤空
"
eventually,"
adv.终于，最后；竟；总归；终究
"
exactly,"
adv.精确地；确切地；完全地，全然；恰恰
"
expansion,"
n.扩大；扩张；扩张物；膨胀物复数：expansions
"
extra,"
adj.额外的，补充的，附加的；特大的，特别的n.附加物，额外的事物；临时演员；号外；上等产品，上品adv.额外地；格外地，特别地复数：extras易混淆的单词：EXTRA
"
facing,"
n.饰面，覆盖（如墙壁的）表面的覆饰；（衣服的）贴边v.面对( face的现在分词 )；面向…；正视；承认复数：facings
"
fail,"
vt.&amp; vi.失败，不及格；倒闭，破产；缺乏；衰退vi.衰退；失败，不及格；破产；不足vt.不及格；使失望；忘记；舍弃n.失败，失误；不及格；不及格者；[商]期货交割失期第三人称单数：fails过去式：failed过去分词：failed现在分词：failing易混淆的单词：FAIL
"
fair,"
adj.公平的；合理的；晴朗的；美丽的adv.公平地；直接地；清楚地；正大光明地n.集市，庙会；商品交易会，展览会；美人，美丽的事物vt.（卡通制作）顺利接合；（动作）衔接协调；（飞机）装配平整；使（飞机接合部）平滑vi.转晴复数：fairs第三人称单数：fairs过去式：faired过去分词：faired现在分词：fairing比较级：fairer最高级：fairest易混淆的单词：FAIR
"
farm,None
fat,"
adj.肥的；胖的；厚的；大量的n.脂肪；肥肉；动植物油vt.养肥；在…中加入脂肪vi.长肥复数：fats第三人称单数：fats过去式：fatted过去分词：fatted现在分词：fatting比较级：fatter最高级：fattest易混淆的单词：FAT
"
fate,"
n.命运，宿命；灾难，死亡；命中注定的事（尤指坏事）v.注定复数：fates第三人称单数：fates过去式：fated过去分词：fated现在分词：fating易混淆的单词：FATEFate
"
fault,"
n.缺点，缺陷；过错，责任；[电]故障；（猎狗的）失去嗅迹vt.挑剔，找…的缺点；批评；做错，在…中出错；[地质学]产生断层vi.找错误，挑剔；[地质学]变动从而产生断层复数：faults第三人称单数：faults过去式：faulted过去分词：faulted现在分词：faulting
"
feast,"
n.盛会；宴会；宗教节日；使人欢快的事物（或活动）vi.大吃大喝，享用美食；参加宴会vt.款待（某人），宴请（某人）复数：feasts第三人称单数：feasts过去式：feasted现在分词：feasting易混淆的单词：FEASTFeast
"
feet,"
n.脚( foot的名词复数 )；底部；英尺(=
1
2 英寸或 
30.
4
8 厘米)；脚步
"
felt,"
n.毛毡v.摸索( feel的过去式和过去分词 )；触；深感；以为易混淆的单词：FELTFelt
"
figure,"
n.数字；算术；人物；身材vi.计算；出现；扮演角色vt.计算在内；估计；推测；认为复数：figures第三人称单数：figures过去式：figured过去分词：figured现在分词：figuring
"
figures,"
n. 数字（ figure的名词复数 ）；算术；人物；轮廓v.计算（ figure的第三人称单数） ；认为
"
fit,"
vt.&amp; vi.（使）适合；安装；合身adj.合适的；恰当的；合身的；健壮的n.合身；适合；匹配；发作复数：fits第三人称单数：fits过去式：fitted过去分词：fitted现在分词：fitting比较级：fitter最高级：fittest易混淆的单词：FIT
"
flammable,"
adj.易燃的，可燃的
"
flip,"
vt.轻弹，轻击；按（开关）；快速翻转；急挥vi.发疯；急动；捻；蹦蹦跳跳n.浏览；空翻；（射击时枪管的）跳跃；轻抛adj.[口语]无礼的，轻率的，油腔滑调的；冒失的，鲁莽的第三人称单数：flips过去式：flipped过去分词：flipped现在分词：flipping比较级：flipper最高级：flippest易混淆的单词：FLIP
"
focus,"
vt.&amp; vi.（使）集中，（使）聚集；调整（镜头，眼睛）焦点[焦距]以便看清vt.调整（眼睛或者镜头的）焦距；集中（光束于）；聚焦，注视；集中注意力n.焦点；影象的清晰度；（活动、注意力、兴趣等的）中心；[医]病灶，病症复数：foci第三人称单数：focuses过去式：focused过去分词：focused现在分词：focusing易混淆的单词：FOCUS
"
foe,"
n.敌人，仇敌；危害物；反对者复数：foes易混淆的单词：FOE
"
fools,"
n.愚人( fool的名词复数 )；傻瓜；（旧时国王或王后豢养供人娱乐的）小丑；奶油果泥v.愚弄，耍弄( fool的第三人称单数 )；欺骗；开玩笑；说蠢话，干傻事（常为逗乐）易混淆的单词：Fools
"
fragile,"
adj.易碎的，脆的；虚弱的易混淆的单词：Fragile
"
franchise,"
n.选举权；参政权；特许权；经销权vt.赋予特权；赋予公民权复数：franchises第三人称单数：franchises过去式：franchised过去分词：franchised现在分词：franchising
"
fu,"
趺易混淆的单词：FufUFU
"
"fu""","
趺易混淆的单词：FufUFU
"
fulfilled,"
adj.满足的，个人志向得以实现的v.满足( fulfil的过去式和过去分词 )；执行；尽到；应验
"
fur,"
n.毛皮；软毛；毛皮衣服；人造毛adj.含羊毛的vt.用毛皮覆盖；除去（锅上的）水垢复数：furs第三人称单数：furs过去式：furred现在分词：furring易混淆的单词：FurFUR
"
future,"
adj.将来的，未来的；[语法学]将来时的n.前途；[美国俚语]未婚妻；期货复数：futures
"
gather,"
vt.收集；聚集，搜集；收紧，收缩；采集vi.逐渐增加，积聚n.聚集；衣褶第三人称单数：gathers过去式：gathered过去分词：gathered现在分词：gathering
"
general,"
adj.大致的；综合的；总的，全体的；普遍的n.上将；一般；一般原则；常规复数：generals易混淆的单词：General
"
giant,"
n.巨人，大汉；巨兽，巨物；卓越人物adj.特大的，巨大的；伟大的复数：giants易混淆的单词：GIANTGiant
"
glad,"
adj.高兴的，乐意的；令人高兴的，使人愉快的；（风光）明媚的，（景色）美丽的；充满欢乐的，兴高采烈的vt.使高兴第三人称单数：glads过去式：gladded过去分词：gladded现在分词：gladding易混淆的单词：GladGLAD
"
goose,"
n.鹅；鹅肉；雌鹅；傻瓜v.拧或掐屁股；忽然加满油； 催促复数：geese第三人称单数：gooses过去式：goosed过去分词：goosed现在分词：goosing易混淆的单词：Goose
"
gosh,"
int.&lt;非正&gt;（表示惊讶）哎呀！；天啊
"
gotcha,"
n.&lt;口&gt;我已经得到你
"
grab,"
vt.&amp; vi.抢先，抢占vt.夺取或抓住；抢夺，霸占；匆匆拿走；〈俚〉吸引注意力vi.抓住，攫取；夺取n.不法所得；被抓住的人；抓取装置复数：grabs第三人称单数：grabs过去式：grabbed过去分词：grabbed现在分词：grabbing易混淆的单词：GRAB
"
grandma,"
n.奶奶，外婆na.&lt;口&gt;奶奶，外婆复数：grandmas易混淆的单词：Grandma
"
greatness,"
n.伟大；崇高；著名；大
"
greeny,"
adj.呈绿色的
"
ground,"
n.地面，土地；基础；范围；阵地，战场vi.搁浅，停飞；着陆vt.把…放在地上；在…的基础树立上；交给…基本知识；使…受初步训练v.grind的过去式和过去分词复数：grounds第三人称单数：grounds过去式：grounded过去分词：grounded现在分词：grounding
"
grounds,"
n.庭院；理由；渣滓；泥土( ground的名词复数 )；地面；[航海学]底；（工作、讨论等的）范围
"
groveling,"
adj.匍匐的，卑躬屈节的
"
ha-ha,"
int.哈哈！n.矮墙
"
hammocks,"
n.吊床( hammock的名词复数 )
"
handsome,"
adj.英俊的，健美的；美观的；大方的；数量大的 比较级：handsomer最高级：handsomest
"
hat,"
n.帽子；（帽子所表示的）职位，职务vt.给…戴上帽子，为…提供帽子vi.供应帽子；制造帽子复数：hats第三人称单数：hats过去式：hatted过去分词：hatted现在分词：hatting易混淆的单词：HatHAT
"
hates,"
v.憎恨( hate的第三人称单数 )；讨厌；不愿；为…感到抱歉
"
hawk,"
n.霍克；鹰；鹰派人物，主战派；掠夺别人的人，骗子vt.通过叫卖主动兜售（货物）；清除嗓子中的（痰）vi.清嗓，咳痰；用训练好的鹰狩猎；象鹰一样俯冲攻击；叫卖复数：hawks第三人称单数：hawks过去式：hawked过去分词：hawked现在分词：hawking易混淆的单词：HawkHAWK
"
heal,"
vt.恢复健康的状态；使恢复正常；使（某人）精神恢复健康vi.变得完整和健全第三人称单数：heals过去式：healed过去分词：healed现在分词：healing易混淆的单词：HealHEAL
"
healing,"
n.康复，复原adj.有治疗功用的v.（使）愈合( heal的现在分词 )；治愈；（使）结束；较容易忍受易混淆的单词：Healing
"
healthy,"
adj.健康的；健全的；大量的；有益于健康的比较级：healthier最高级：healthiest
"
heard,"
v.听到，听见( hear的过去式和过去分词 )；听说；得知；听取易混淆的单词：Heard
"
helmets,"
n.头盔( helmet的名词复数 )
"
hence,"
adv.因此，所以；从此；从此处int.&lt;诗&gt;去易混淆的单词：HenceHeNCE
"
high-fiving,None
hill,"
n.小山，山冈；斜坡v.把…堆成小山；培土于…周围复数：hills易混淆的单词：Hill
"
hinge,"
n.铰链，折叶；关键，转折点；枢要，中枢vt.&amp; vi.用铰链连接；依…为转移；给…安装铰链；（门等）装有蝶铰vi.依…而转移复数：hinges第三人称单数：hinges过去式：hinged过去分词：hinged现在分词：hinging易混淆的单词：Hinge
"
hinges,"
n.铰链( hinge的名词复数 )
"
hmm,"
abbr.hidden Markov model 隐马尔科夫模型；hard-magnetic material 硬磁材料；high molecular mass 高分子物质；hexamethylol melamine 六羟甲基蜜胺
"
ho,"
int.引人注意，表示惊讶，满足易混淆的单词：HoHO
"
hole,"
n.洞，孔；洞穴，穴；缺陷；&lt;口&gt;绝境vt.&amp; vi.（在…上）打洞或穿孔vi.凿洞；（高尔夫球等）进洞复数：holes第三人称单数：holes过去式：holed过去分词：holed现在分词：holing易混淆的单词：Hole
"
honor,"
n.尊敬；光荣；节操；荣誉v.尊敬；给予表扬；信守；执行第三人称单数：honors过去式：honored过去分词：honored现在分词：honoring
"
hug,"
vt.&amp; vi.热烈地拥抱，抱住，紧抱vt.紧靠…走；抱有，持有n.紧抱，热烈拥抱vi.缠紧，缚紧（某物，尤指人体）复数：hugs第三人称单数：hugs过去式：hugged过去分词：hugged现在分词：hugging易混淆的单词：HUG
"
hugs,"
n.紧抱，热烈拥抱( hug的名词复数 )v.热烈地拥抱，抱住，紧抱( hug的第三人称单数 )；紧靠…走；抱有，持有；缠紧，缚紧（某物，尤指人体）
"
huh,"
int.嘿（表示疑问、惊讶或异议）
"
humiliated,"
adj.感到羞愧的v.使蒙羞，羞辱，使丢脸( humiliate的过去式和过去分词 )
"
humiliating,"
adj.丢脸的；羞辱性的v.“humiliate”的现在分词
"
idiot,"
n.傻瓜，笨蛋；白痴复数：idiots易混淆的单词：IDIOT
"
idiots,"
n.傻子，笨蛋( idiot的名词复数 )；白痴
"
immovable,"
adj.不可移动的；固定的；坚强的；不动摇的n.不动的事物；不可移动的东西复数：immovables
"
impenetrable,"
adj.不能通过的；不能理解的；无动于衷的；顽固的，不接受的
"
incredible,"
adj.不可思议的；惊人的；难以置信的；未必可能的比较级：more incredible最高级：most incredible
"
infamous,"
adj.声名狼藉的；无耻的，伤风败俗的；[法]（因犯重罪）被剥夺公权的；很差的，低劣的易混淆的单词：Infamous
"
insect,"
n.虫，昆虫；卑鄙的人；微贱的人，小人adj.昆虫的；卑劣的复数：insects
"
instance,"
n.例子，实例；情况；要求，建议；[法]诉讼手续vt.举…为例复数：instances第三人称单数：instances过去式：instanced过去分词：instanced现在分词：instancing
"
instruction,"
n.授课；教诲；传授的或获得的知识，课程；[计算机科学]指令复数：instructions
"
interrupt,"
vt.&amp; vi.打断（别人的话等）；阻止；截断vt.暂停；中断；打扰；妨碍vi.打断n.中断；暂停第三人称单数：interrupts过去式：interrupted过去分词：interrupted现在分词：interrupting
"
invited,"
v.邀请( invite的过去式和过去分词 )；请求；引诱；招致
"
itchy,"
adj.（使）发痒的；渴望旅行（或搬家、换工作等）
"
jacket,"
n.短上衣，夹克；土豆皮；书籍的护封；文件套，公文夹vt.给…穿夹克；给…装护套；给…包上护封；〈口〉打复数：jackets第三人称单数：jackets过去式：jacketed过去分词：jacketed现在分词：jacketing
"
jade,"
n.玉，翡翠；翡翠色；劣马，驽马；[宝] 碧玉adj.玉制的；翡翠色的；绿玉色的v.（使）疲；（使）疲惫不堪；（使）精疲力尽复数：jades第三人称单数：jades过去式：jaded过去分词：jaded现在分词：jading易混淆的单词：JADEJade
"
jiggle,"
vt.&amp; vi.轻摇，抖动vt.坐立不安n.轻摇第三人称单数：jiggles过去式：jiggled过去分词：jiggled现在分词：jiggling易混淆的单词：Jiggle
"
jinx,"
n.&lt;非正&gt; 厄运，霉运，不祥的人[物]vt.&lt;非正&gt;把厄运带给，使倒霉复数：jinxes
"
jombie,None
jombies,None
judgment,"
n.判断，鉴定；辨别力，判断力；意见，看法；判决书复数：judgments
"
justice,"
n.正义；公正；法律制裁；审判员，法官复数：justices易混淆的单词：Justice
"
ka-blam,None
kai,"
食物易混淆的单词：KaiKAI
"
kicker,"
n.踢者；善踢的人；爱踢的马；&lt;口&gt;抱怨者
"
kitten,"
n.小猫；小动物vi.产小猫复数：kittens第三人称单数：kittens过去式：kittened过去分词：kittened现在分词：kittening
"
knowing,"
adj.（对别人不知道的秘密）知悉的；世故的；难以预料；无从知道v.知道( know的现在分词 )；看到过；听到过；经历过易混淆的单词：Knowing
"
ku,"
[医][=karmen unit]卡门（氏）单位易混淆的单词：KuKU
"
kung,None
land,"
n.陆地；国家；地产；土地vt.&amp; vi.（使）登岸；降临；使陷于（困境）；使不得不应付vt.自船上卸下；获得；捕到；钓到（鱼）vi.跳落，跌落，被抛落（地面）复数：lands第三人称单数：lands过去式：landed过去分词：landed现在分词：landing易混淆的单词：LandLAND
"
lay,"
vt.放置；铺放；涂，敷；产卵adj.世俗的；外行的；没有经验的n.叙事诗；性伙伴第三人称单数：lays过去式：laid过去分词：laid现在分词：laying易混淆的单词：LayLAY
"
leading,"
adj.重要的，主要的；前列的；首位的n.行距；铅框v.领导（lead的ing形式）
"
least,"
adj.最小的；最少的（ little的最高级）；最不重要的，地位最低的adv.最少，最小n.最小；最少量易混淆的单词：LEAST
"
led,"
v.带路( lead的过去式和过去分词 )；领导；指挥；领先易混淆的单词：LedLED
"
legend,"
n.传说；传奇人物；铭文；图例复数：legends易混淆的单词：Legend
"
legendary,"
adj.传说的；传奇的；极其著名的n.传说集；[宗]圣徒传复数：legendaries易混淆的单词：Legendary
"
lethal,"
adj.致命的，致死的；能致命的；破坏性的；有害的n.致死因子
"
lied,"
n.利德（钢琴伴奏的德国独唱歌曲）v.位于（ lie的过去式和过去分词 ）；说谎；展现；说谎复数：lieder易混淆的单词：LIED
"
lift,"
vt.&amp; vi.举起，抬起vt.举起；提升；鼓舞；抬起vi.消散；升起；耸立n.电梯；举起；起重机；搭车复数：lifts第三人称单数：lifts过去式：lifted过去分词：lifted现在分词：lifting易混淆的单词：LIFTLift
"
lizard,"
n.蜥蜴复数：lizards易混淆的单词：Lizard
"
lobby,"
n.门厅，大厅；休息室；游说团；投票厅vi.为了支持或抵制某项特定目标游说vt.对…进行游说；陈情（试图努力影响某人采取有利行动）复数：lobbies第三人称单数：lobbies过去式：lobbied过去分词：lobbied现在分词：lobbying
"
location,"
n.位置，场所；定位；外景（拍摄地）复数：locations
"
look-alike,"
n.面貌酷似的人
"
lotus,"
n.莲花；荷花；忘忧果；落拓枣复数：lotuses易混淆的单词：LotusLOTUS
"
mad,"
adj.疯狂的；猛烈的；着迷的；〔口语〕愤怒的，生气的vt.使疯狂第三人称单数：mads过去式：madded过去分词：madded现在分词：madding比较级：madder最高级：maddest易混淆的单词：MAD
"
magnificent,"
adj.壮丽的；伟大的，高尚的；华丽的，高贵的；瑰丽的易混淆的单词：Magnificent
"
mail,"
n.邮件，邮政；邮政（制度）；邮务员，邮递员；〈古〉袋，旅行包vt.邮寄；给…穿盔甲vi.投邮复数：mails第三人称单数：mails过去式：mailed过去分词：mailed现在分词：mailing易混淆的单词：MAIL
"
maniac,"
n.疯子；癖好者；狂人；躁狂者adj.发狂的；狂热的；疯狂的复数：maniacs易混淆的单词：MANIACManiac
"
maniacs,"
n.疯子（maniac的复数形式）
"
mantis,"
n.螳螂复数：mantises mantes易混淆的单词：MANTIS
"
master,"
n.硕士；主人（尤指男性）；大师；男教师vt.精通，熟练；作为主人，做…的主人；征服；使干燥（染过的物品）adj.主要的；主人的；精通的，优秀的；原版的复数：masters第三人称单数：masters过去式：mastered过去分词：mastered现在分词：mastering易混淆的单词：MasterMASTER
"
mastered,"
v.精通，掌握(master的过去分词)adj.精通的
"
mastering,"
控制
"
masters,"
n.大师( master的名词复数 )；主人（尤指男性）；硕士；男教师易混淆的单词：Masters
"
mastery,"
n.精通，熟练；统治，控制；优势复数：masteries
"
meant,"
v.意味；打算(mean的过去式和过去分词)；表示…的意思
"
mei,"
abbr.mathematics in education and industry 教育和工业数学；[农]梅易混淆的单词：MeIMEImEI
"
meng,None
mess,"
n.混乱；食堂；肮脏；困境vt.弄脏；搞砸；给…供膳vi.把事情弄糟；制造脏乱复数：messes第三人称单数：messes过去式：messed过去分词：messed现在分词：messing易混淆的单词：MessMESS
"
million,"
n.百万adj.百万的；无数的复数：millions
"
mirror,"
n.镜子，反光镜；真实的写照；反映，借鉴；榜样vt.反映；反射复数：mirrors第三人称单数：mirrors过去式：mirrored过去分词：mirrored现在分词：mirroring
"
mission,"
n.代表团；使命；官方使命；布道所v.给…交代任务；派遣；把任务交给；向…传教复数：missions第三人称单数：missions过去式：missioned过去分词：missioned现在分词：missioning易混淆的单词：MissionMISSION
"
mmm,"
abbr.merchandising；marketing；military medical mobilization 军事医疗动员；millimicron(s) 毫微米易混淆的单词：mMmMMM
"
moment,"
n.瞬间，片刻；时刻；重要，紧要；[物]力矩复数：moments易混淆的单词：Moment
"
momma,"
n.&lt;口&gt;妈妈（尤儿语）复数：mommas
"
monster,"
adj.巨大的，庞大的；（建筑物）巍峨的n.怪物；恶魔，恶人；庞然大物；畸形，畸胎复数：monsters易混淆的单词：Monster
"
mortal,"
adj.致命的；不共戴天的；终有一死的；极度的n.凡人，人类复数：mortals
"
mountains,"
n.山，山岳( mountain的名词复数 )；山脉；群山易混淆的单词：Mountains
"
mr,"
abbr.Mister 先生；Master 少爷；Mother 母亲；molecular radius 分子半径
"
mrs,"
abbr.magnetic resonance blood-flow scanning 磁共振血流量扫描；multimer resolution system 多聚体分辨系统；myeloid-related sequence 骨髓相关序列易混淆的单词：MrsMRsMRS
"
napping,"
n.起绒，拉绒，拉毛；磨绒；搓呢；刷布
"
neck,"
n.颈，脖子；衣领；海峡；[地]岩颈vi.搂着脖子亲吻，相拥互吻；变狭窄vt.使变细；与…搂著脖子亲吻；割颈杀死（家禽等）复数：necks第三人称单数：necks过去式：necked过去分词：necked现在分词：necking易混淆的单词：Neck
"
"no""","
adv.不；否；一点也没有adj.没有的；不许的；一点儿也没有；决不是的n.不；否定，否认；反对票；否决票abbr.数字(number)；元素锘(nobelium)的符号复数：noes易混淆的单词：NO
"
nose,"
n.鼻子；嗅觉；芳香，香气；突出的部分vt.嗅出，闻出；用鼻子触；用鼻子品评（酒）等；探出vi.小心探索着前进；探问复数：noses第三人称单数：noses过去式：nosed过去分词：nosed现在分词：nosing易混淆的单词：NoseNOSE
"
nunchuck,None
occasion,"
n.机会，时机；场合；理由；需要vt.惹起，引起复数：occasions第三人称单数：occasions过去式：occasioned过去分词：occasioned现在分词：occasioning
"
"of""","
prep.关于；属于…的；由…制成aux.助动词
[非标准用语、方言] =have [主用于虚拟语气]易混淆的单词：OfOF
"
offense,"
n.进攻；（球队的）前锋；进攻方法；攻势复数：offenses
"
oh-ooh,None
ohh,None
oogway,"
n.乌龟
"
oogway's,None
ooh,"
int.（表示惊讶、欣喜、痛苦等）嚯，呵易混淆的单词：OOH
"
otherwise,"
adv.否则；另外；别的方式adj.别的，另外的；不同的conj.否则，不然
"
oversleep,"
vi.睡得太久，睡过头第三人称单数：oversleeps过去式：overslept过去分词：overslept现在分词：oversleeping
"
ow,"
int.表示突然疼痛所发出的声音易混淆的单词：OwOWoW
"
own,"
n.自己的事物；自己人vt.拥有；承认vi.承认adj.自己的；特有的复数：owns第三人称单数：owns过去式：owned过去分词：owned现在分词：owning
"
ox,"
n.牛，公牛；牛属动物复数：oxen易混淆的单词：OxOX
"
pack,"
n.一群；包裹；（纸牌的）一副；一组vt.&amp; vi.（把…）打包；塞进；拥进；（使）聚集成团vt.挑选；压紧；携带；拧紧vi.包装；紧挤在一起；便于折叠收藏的；匆忙离去（有时与 off 连用）复数：packs第三人称单数：packs过去式：packed过去分词：packed现在分词：packing易混淆的单词：PackPACK
"
packed,"
adj.充满…的；塞满了…的v.包装(pack的过去式和过去分词)
"
pain,"
n.痛苦；刻苦；令人厌烦的人[事物]；身体某部分的疼痛[不适]vt.&amp; vi.（使）疼痛，（使）痛苦，伤害vt.使…痛苦；使…烦恼vi.感到疼痛；引起疼痛复数：pains第三人称单数：pains过去式：pained过去分词：pained现在分词：paining易混淆的单词：PainPAIN
"
palace,"
n.宫，宫殿；（主教）邸宅，宏伟大厦；华丽的娱乐场所复数：palaces
"
pan,"
n.平底锅；盘状的器皿；淘盘子，金盘，秤盘vt.淘金；在浅锅中烹调（食物）；[非正式用语]严厉的批评vi.淘金；在淘洗中收获金子复数：pans第三人称单数：pans过去式：panned过去分词：panned现在分词：panning易混淆的单词：PanPAN
"
"panda""","
n.熊猫；猫熊复数：pandas易混淆的单词：PANDAPanda
"
parenthood,"
n.亲子关系；父母身分易混淆的单词：Parenthood
"
parts,"
n.部( part的名词复数 )；一部分；零件；角色
"
passed,"
adj.已经通过的；已经过去的；考试及格的；（指红利）未及时发放的v.走过( pass的过去式和过去分词 )；通过；批准；度过
"
past,"
adj.过去的，以前的；结束的；前任的n.过去，过往；往事；[语]过去时prep.超过，超出；远于；越过adv.经过，超过复数：pasts易混淆的单词：PastPAST
"
pathetic,"
adj.令人同情的，可怜的；又笨又可怜的，无价值的；荡气回肠
"
peed,"
v.小便，撒尿( pee的过去式和过去分词 )
"
peppercorns,"
n.胡椒子，空有其名的地租( peppercorn的名词复数 )
"
performance,"
n.表演；演技；表现；执行复数：performances
"
perhaps,"
adv.或许；（表示不确定）也许；（用于粗略的估计）或许；（表示勉强同意或其实不赞成）也许n.假定；猜想；未定之事复数：perhapses
"
petals,"
n.花瓣( petal的名词复数 )
"
pick,"
vt.&amp; vi.挑选，挑拣；挖，采，摘，剔，扒；挑剔n.选择；收获；精华复数：picks第三人称单数：picks过去式：picked过去分词：picked现在分词：picking易混淆的单词：Pick
"
picking,"
v.采摘；采( pick的现在分词 )；摘；啄；叼n.采摘；掘，撬开；采得物，赃物复数：pickings
"
platters,"
n.&lt;美&gt;大浅盘( platter的名词复数 )；（一般为木制的）浅盘；不图回报地（给予）；拱手相让
"
po's,None
pole,"
n.[物]极点，顶点；地极；杆；两极端vt.&amp; vi.用篙撑船，摆船vt.[航海] 用一根杆来推动；以杆推进；以杆支撑（植物）；用杆子击打、戳、或搅拌vi.用滑雪杖加速复数：poles第三人称单数：Poles过去式：poled过去分词：poled现在分词：poling易混淆的单词：PolePOLE
"
poof,"
n.男同性恋者exclam.嗖的一声复数：poofs
"
porcupine,"
n.豪猪，箭猪复数：porcupines易混淆的单词：Porcupine
"
pose,"
vt.&amp; vi.使摆姿势；以…身份出现；招摇；炫耀vt.提出；造成（威胁、问题等）；引起；产生n.姿势；姿态；装腔作势；伪装第三人称单数：poses过去式：posed过去分词：posed现在分词：posing易混淆的单词：POSE
"
poster,"
n.海报，招贴，公告；招贴画；张贴者；[古语]急行的人，匆忙赶路的人复数：posters易混淆的单词：Poster
"
potential,"
adj.潜在的，有可能的；[语法学]可能语气的，表示可能性的；有能力的n.潜力，潜能；[物]电位，势能；潜能的事物；[语]可能语气复数：potentials
"
"power""","
n.[机]动力，功率；力量；政权，权力；强国，大国vt.运转；用发动机发动；使…有力量vi.靠动力行进；快速行进adj.权力的；机械能的，电动的；用电力（或动力）发动的复数：powers第三人称单数：powers过去式：powered过去分词：powered现在分词：powering易混淆的单词：POWERPower
"
powerful,"
adj.强大的；权力大的；（药）有效地adv.很；非常比较级：more powerful最高级：most powerful
"
presence,"
n.出席；仪表；风度；鬼魂，神灵复数：presences
"
probably,"
adv.大概；或许；很可能；备不住
"
promotion,"
n.促进，增进；提升，升级；（商品等的）推广；发扬复数：promotions
"
prophecy,"
n.预言；预言能力；预言书复数：prophecies易混淆的单词：Prophecy
"
province,"
n.省份；大行政区；范围；职责复数：provinces易混淆的单词：Province
"
pudgy,"
adj.矮胖的；矮墩墩；胖乎乎
"
pull,"
vt.&amp; vi.拉；扯；拉过来；划（船）vt.赢得；吸引异性；取消；（耍手腕）得逞n.拖；爬；影响力第三人称单数：pulls过去式：pulled过去分词：pulled现在分词：pulling
"
punching,"
v.用拳猛击( punch的现在分词 )；打孔；冲压；冲切
"
quiet,"
adj.清静的；僻静的；不起眼的；不激动的vt.&amp; vi.安静下来，使…安静，平静vt.减轻（病痛、疑虑、恐惧等）；[法律]确定（产权等）prep.克制的，稳重的，不张扬的n.宁静；寂静adv.安静地，平静地第三人称单数：quiets过去式：quieted过去分词：quieted现在分词：quieting比较级：quieter最高级：quietest易混淆的单词：QuIETQUIET
"
quite,"
adv.相当，很；非常；确实如此
"
raised,"
adj.凸起的；浮雕的；有凸起花纹的；发酵的v.引起( raise的过去式和过去分词 )；提高（价格等）；提起；唤起
"
ram's,None
rat's,None
realize,"
vt.实现；了解，意识到；（所担心的事）发生；以…价格卖出vt.&amp; vi.变卖，赚得第三人称单数：realizes过去式：realized过去分词：realized现在分词：realizing
"
realm,"
n.领域，范围；王国；（学术的）部门，界；（动植物分布的）圈，带复数：realms易混淆的单词：REALM
"
received,"
adj.被一般承认的，被认为标准的v.收到( receive的过去式和过去分词 )；接到；接纳；接待
"
recognize,"
vt.认出；识别；承认vi.承认，确认；[法律]具结，立保证书第三人称单数：recognizes过去式：recognized过去分词：recognized现在分词：recognizing
"
rediscover,"
vt.再次（重新）发现第三人称单数：rediscovers过去式：rediscovered过去分词：rediscovered现在分词：rediscovering
"
regret,"
vt.后悔，悔恨；遗憾，抱歉；悼念，哀悼vi.感到后悔，感到抱歉n.遗憾，惋惜；后悔，悔恨；哀悼第三人称单数：regrets过去式：regretted过去分词：regretted现在分词：regretting
"
regular,"
adj.有规律的；规则，整齐的；不变的；合格的n.正规军；主力（或正式）队员；常客adv.定期地；经常地复数：regulars
"
reinforcements,"
n.援兵；救兵；后援；援军
"
related,"
adj.有关系的；叙述的vt.叙述(relate过去式和过去分词)
"
relaxed,"
adj.（人）轻松的；自在的；无拘无束的；舒适的adv.轻松地；自在地；舒适地；随便地vt.（使）轻松( relax的过去式)；（使）松弛；放宽；（使）放松vi.松散；松弛；放宽；放松
"
rematch,"
v.（运动竞赛、桥牌等的）重赛复数：rematches
"
requires,"
v.要求( require的第三人称单数 )；需要；想要；命令
"
respect,"
vt.尊重；尊敬；关心；遵守n.尊重，恭敬；敬意；某方面第三人称单数：respects过去式：respected过去分词：respected现在分词：respecting
"
restaurant,"
n.饭店；餐馆；饭馆；菜馆复数：restaurants易混淆的单词：Restaurant
"
retreat,"
vi.撤退，后退；撤销，作罢；（眼睛等）凹进；[航]向后倾斜n.撤回；静居处；引退期间；静思，静修第三人称单数：retreats过去式：retreated过去分词：retreated现在分词：retreating易混淆的单词：Retreat
"
returned,"
adj.被送回的，归来的v.返回，回来( return的过去式和过去分词 )；恢复；还；归还
"
rhino,"
n.犀牛(=rhinoceros)；&lt;俚&gt; 钱，现金复数：rhinos
"
rhino's,None
ribbon,"
n.带；（打印机的）色带；绶带；带状物v.把…撕成条带；用缎带装饰；形成带状复数：ribbons
"
ribbons,"
n.带( ribbon的名词复数 )；（打印机的）色带；绶带；带状物
"
rickshaw,"
n.黄包车，人力车复数：rickshaws
"
ride,"
vt.&amp; vi.乘，骑，驾n.（乘坐汽车等的）旅行；乘骑；（乘车或骑车的）短途旅程；供乘骑的游乐设施vt.（骑马、自行车等）穿越；搭乘；飘浮第三人称单数：rides过去式：rode过去分词：ridden现在分词：riding易混淆的单词：RideRIDE
"
ridiculous,"
adj.可笑的，荒谬的；荒唐的，愚蠢的；胡枝扯叶
"
rock,"
n.岩石，石头；摇滚乐；棒糖；&lt;非正式&gt;宝石（尤指钻石）v.摇晃；摇动；震动vi.演奏摇滚乐；随摇滚乐起舞复数：rocks第三人称单数：rocks过去式：rocked过去分词：rocked现在分词：rocking易混淆的单词：Rock
"
roll,"
vt.辗；使（眼球等）左右转动；（使）原地转圈；滚动vi.左右摇晃；翻滚；开始移动，启动n.名册；滚翻复数：rolls第三人称单数：rolls过去式：rolled过去分词：rolled现在分词：rolling易混淆的单词：Roll
"
rookie,"
n.新手；新队员复数：rookies
"
round,"
adj.圆形的；弧形的；丰满的，肥胖的；整数的adv.到处；在周围；迂回地；朝反方向prep.大约；绕过，环绕；（表示位置）在…四周；附近n.圆，圆形；循环；圆形物，球状物；（会议的）一回合vt.&amp; vi.使成圆形；绕行；拐过，绕过；把…四舍五入复数：rounds第三人称单数：rounds过去式：rounded过去分词：rounded现在分词：rounding比较级：rounder最高级：roundest易混淆的单词：Round
"
salts,"
n.盐( salt的名词复数 )；风趣；味道或外观等像盐的物质；增添趣味[活跃气氛]的事物v.（撒盐似的）散布( salt的第三人称单数 )；使更有趣；加盐于…以调味；把盐撒在路面上（以使冰雪融化）
"
sandwiches,"
n.三明治( sandwich的名词复数 )；夹层；夹心蛋糕；状似三明治的东西v.插入( sandwich的第三人称单数 )；把…夹在…之间；挤在…中间；把…夹在面包片中
"
sat,"
v.坐(sit的过去式，过去分词)n.SAT美国学术能力评估测验易混淆的单词：SatSAtSAT
"
sauce,"
n.调味汁；酱汁；〈非〉莽撞无礼；〈俚〉烈酒vt.调味或加沙司于…；给…增加趣味或风味；〈非〉对…无礼复数：sauces第三人称单数：sauces过去式：sauced过去分词：sauced现在分词：saucing易混淆的单词：Sauce
"
saving,"
n.节约；节俭；储蓄金；挽救v.拯救( save的现在分词)；收集；保留；避免prep.除…以外adj.可取的，保存的；节省的，节约的；补偿的；救助的复数：savings
"
scary,"
adj.使人惊慌的；胆小的，容易受惊的；可怕的，吓人的比较级：scarier最高级：scariest
"
scroll,"
n.（常用于录写正式文件的）纸卷；书卷，画卷，卷轴；涡卷形（装饰）；〈古〉表，目录vt.使成卷形；（电脑屏幕上）从上到下移动（资料等），卷页vi.（似卷轴般）卷起；（像展开卷轴般地）将文字显示于屏幕复数：scrolls第三人称单数：scrolls过去式：scrolled过去分词：scrolled现在分词：scrolling
"
sea,"
n.海；海洋；许多；大量复数：seas易混淆的单词：SEA
"
secret,"
n.秘密，机密；秘诀；奥秘adj.秘密的，机密的；神秘的；隐秘的复数：secrets易混淆的单词：Secret
"
seen,"
v.看见( see的过去分词 )；观看；领会；考虑
"
sense,"
n.感觉，官能；意识，观念；理性；识别力vt.感到；理解，领会；检测出第三人称单数：senses过去式：sensed过去分词：sensed现在分词：sensing
"
sent,"
v.送( send的过去式和过去分词 )；使作出（某种反应）；派遣；使进入（某状态）易混淆的单词：Sent
"
served,"
vt.&amp; vi.serve的过去式v.（为…）服务( serve的过去式和过去分词 )；任（职）；提供；端上
"
shan,None
shifu,None
shiny,"
adj.发光的，光亮的；闪耀的；磨亮的；磨损的比较级：shinier最高级：shiniest
"
shook,"
v.摇撼( shake的过去式 )；（使）颤抖；握手；动摇易混淆的单词：Shook
"
shuai,None
sick,"
adj.恶心的；晕船；不舒服的；腻烦的vt.吐出；追逐；攻击n.&lt;口&gt;呕吐物；病人第三人称单数：sicks过去式：sicked过去分词：sicked现在分词：sicking比较级：sicker最高级：sickest
"
silence,"
n.沉默，无言，无表示，无声，沉静，肃静，寂静，缄默；无音信，失去联系，忘却，湮没，无表示，无音讯；[乐]停止vt.使安静；使沉默；压制第三人称单数：silences过去式：silenced过去分词：silenced现在分词：silencing易混淆的单词：Silence
"
skadoo,None
skadoosh,None
sketch,"
n.草图；素描；梗概v.草拟；速写；简述复数：sketches第三人称单数：sketches过去式：sketched过去分词：sketched现在分词：sketching易混淆的单词：Sketch
"
slap,"
n.掌掴；掌掴声；侮辱vt.猛打；用力放置；尖刻批评、侮辱vi.拍击adv.直接地；猛然地复数：slaps第三人称单数：slaps过去式：slapped过去分词：slapped现在分词：slapping易混淆的单词：SlapSLAP
"
slayer,"
n.杀人者，凶手；屠宰者复数：slayers
"
smasher,"
n.重击，庞然大物
"
smoke,"
n.烟；吸烟vi.冒烟；抽烟；快速vt.用烟熏制；吸（烟），抽第三人称单数：smokes过去式：smoked过去分词：smoked现在分词：smoking易混淆的单词：SMOKESmoke
"
snack,"
n.快餐，点心；加餐vi.吃快餐复数：snacks第三人称单数：snacks过去式：snacked现在分词：snacking
"
snacklace,None
sneaking,"
adj.偷偷摸摸的；鬼鬼祟祟的；卑怯的；暗中的v.潜行( sneak的现在分词 )；偷偷溜走；（儿童向成人）打小报告；告状
"
soak,"
vt.浸泡，浸透；吸入；沉浸在（工作或学习中）；湿透vi.浸泡；渗透或浸透，渗出；讲话者暂停了一下；[俚语] 酗酒n.湿透；酒鬼；浸湿性；[俚语]醉汉复数：soaks第三人称单数：soaks过去式：soaked过去分词：soaked现在分词：soaking
"
soft,"
adj.软的，柔软的；温和的，柔和的；不含酒精的；轻松的n.柔软之物，柔软的部分adv.柔和地；温柔地比较级：softer最高级：softest易混淆的单词：SOFT
"
soup,"
n.汤，羹；浓雾；硝化甘油炸药；困境vt.加大马力复数：soups第三人称单数：soups过去式：souped过去分词：souped现在分词：souping易混淆的单词：SOUP
"
spare,"
vt.节省，俭省；不用，抽出，省掉；宽恕，饶（命），救命，使某人免遭（麻烦等）；出让，割爱，分让adj.多余的，剩下的（钱等），空闲的（时间等）；预备的，备用的，替换用的；多余的，瘦的，少量的；薄弱的，简陋的，粗陋的n.备用零件，备用轮胎；节省，俭省；〈美〉（头两个球把十柱打得）全倒；预备品，替换品vi.节约；节省；饶恕；宽容第三人称单数：spares过去式：spared过去分词：spared现在分词：sparing
"
special,"
adj.特殊的；专门的；专用的；重要的n.专车；特价；特刊；特约稿复数：specials比较级：more special最高级：most special易混淆的单词：Special
"
spicy,"
adj.辛辣的；加有香料的，香的；有刺激性的；（故事等）猥亵的，下流的比较级：spicier最高级：spiciest
"
spirit,"
n.精神，心灵；情绪；勇气；精髓v.神秘地带走复数：spirits第三人称单数：spirits过去式：spirited现在分词：spiriting
"
spot,"
n.地点，场所；斑点，污点；[股票]现货；职位，职务v.弄上污渍，弄上斑点；污辱，玷污；认出，发现；散步adj.现场的；现货的；插播的abbr.satellite positioning and tracking 卫星定位和跟踪复数：spots第三人称单数：spots过去式：spotted过去分词：spotted现在分词：spotting易混淆的单词：SpotSPOT
"
spring,"
n.春季；泉水，小溪；弹簧，弹性；跳跃vi.跳，跃；突然发出或出现；发源；劈开，裂开vt.突然跳出；跳过；使开裂adj.春天的；弹簧的，有弹性的复数：springs第三人称单数：springs过去式：sprang过去分词：sprung现在分词：springing易混淆的单词：SPRINGSpring
"
squad,"
n.（军队中的）班；（暗杀）小组；体育运动的运动（代表）队；（对付某类犯罪活动的）警察队伍vt.把…编成班；把…编入班复数：squads
"
squadron,"
n.中队；骑兵中队；飞行中队；有组织的一个群体vt.把…编成中队复数：squadrons易混淆的单词：Squadron
"
squadrons,"
n.中队( squadron的名词复数 )
"
stance,"
n.态度，立场；站姿，被放置的姿势；位置；（运动员的）始发姿势复数：stances
"
stand,"
n.台，看台；立场；停止；抵抗vi.站立，起立；竖直放置；保持看法；停滞vt.使站立；忍受；抵御；承担责任vt.&amp; vi.站立，（使）直立，站着复数：stands第三人称单数：stands过去式：stood过去分词：stood现在分词：standing
"
staring,"
adj.目不转睛的；凝视的；显眼的；（毛发）竖立的v.凝视，瞪视( stare的现在分词 )易混淆的单词：Staring
"
starving,"
adj.饥饿，引申为供应不足；挨饿的v.（使）挨饿，饥饿( starve的现在分词 )；缺乏，急需
"
stealing,"
n.偷窃，贼赃，偷垒adj.有偷窃行为的v.偷( steal的现在分词 )；悄悄地做，悄悄地走
"
stomach,"
n.胃；腹部；食欲；欲望vt.容忍；吃…吃得津津有味；〈古〉对…发怒复数：stomachs第三人称单数：stomachs过去式：stomached现在分词：stomaching
"
straight,"
adj.直的；连续的；直率的；整齐的adv.直地；直接地；坦率地；立即n.直线；直线部分复数：straights比较级：straighter最高级：straightest
"
stranger,None
strength,"
n.力量；优点，长处；（光、声、色等的）力度；人力[数]复数：strengths
"
strike,"
vt.罢（工、课等）；撞；攻击；来到vi.罢工；打击；朝某一方向前进n.攻击；罢工[课，市]；发现复数：strikes第三人称单数：strikes过去式：struckstrook过去分词：struck stricken现在分词：striking易混淆的单词：Strike
"
string,"
n.绳子，带子；线丝，植物纤维；串；[计算机科学]字符串vt.上弦，调弦；使排成一行或一系列；绑，系或用线挂起；延伸或扩展复数：strings第三人称单数：strings过去式：strung过去分词：strung现在分词：stringing易混淆的单词：String
"
stripy,"
adj.有条纹的，有斑纹的
"
stuff,"
n.材料，原料，资料；〈俚〉钱，现金；填充物；素材资料vt.塞满；填塞；让吃饱vi.吃得过多第三人称单数：stuffs过去式：stuffed过去分词：stuffed现在分词：stuffing易混淆的单词：Stuff
"
stupid,"
adj.愚蠢的；迟钝的；乏味的；晕眩的，昏迷不醒的n.&lt;口&gt;傻子，笨蛋比较级：stupider最高级：stupidest
"
subtle,"
adj.微妙的；敏感的；狡猾的；巧妙的比较级：subtler最高级：subtlest
"
succeed,"
vi.成功；继承vt.继承，继任，继位；随…之后第三人称单数：succeeds过去式：succeeded过去分词：succeeded现在分词：succeeding
"
supposed,"
adj.（按规定、法律、协议等）（不）应当；假定的；（只用于否定句）不准；（对某人所说的话表示气愤或不大理解）那是什么意思v.料想( suppose的过去式和过去分词)；意味着；[用于被动语态]认为应该；[用于祈使句]让
"
supreme,"
adj.最高的；至高的，无上的；最重要的；（程度）很大的
"
surveillance,"
n.盯梢，监督；[法]管制，监视易混淆的单词：Surveillance
"
suspicious,"
adj.可疑的；猜疑的，怀疑的；多疑的，不信任的；多心
"
swarming,"
v.密集( swarm的现在分词 )；云集；成群地移动；蜜蜂或其他飞行昆虫成群地飞来飞去
"
sweet,"
adj.甜的；愉快的，快乐的；温柔的，亲切的；芳香的n.糖果，甜食；餐后的甜点心；甜味；宝贝复数：sweets比较级：sweeter最高级：sweetest易混淆的单词：SweetSWEET
"
szechuan,"
n.四川adj.四川的
"
tacky,"
adj.发黏的；俗气的；褴褛的；缺乏教养或风度的比较级：tackier最高级：tackiest
"
tail,"
n.尾；尾部；燕尾服；尾随者vt.跟踪；装上尾巴vi.队伍单行行进时拉长或产生间隔；侦察队两两散开；[建筑学] 嵌上，搭上复数：tails第三人称单数：tails过去式：tailed过去分词：tailed现在分词：tailing
"
takeout,"
n.&lt;美&gt;外卖餐馆，外卖食品；（桥牌中）示意搭档改叫的叫牌adj.外卖的，供顾客带出外吃的复数：takeouts
"
taught,"
v.教( teach的过去式和过去分词 )；教书；训练；教育
"
technique,"
n.技巧；技能；技术；技艺复数：techniques
"
tenders,"
n.（正式）提出( tender的名词复数 )；（在大船和海岸之间载运人和货物的）供应船；投标；蒸汽机车的)煤水车v.提出( tender的第三人称单数 )；使变温柔；使变脆弱；[法律]清偿，偿债
"
th,"
abbr.Thailand 泰国易混淆的单词：ThTH
"
thingy,"
adj.物（体）的，物质的，实际的n.[诙谐语]不知其名或忘记其名的小物件复数：thingies
"
"this""","
pron.这，这个；这事，这人；这时；下面所说的事adj.这，这个；刚过去的，即将到来的；今…，本…adv.这样地；就是这样；这么地复数：these
"
thorax,"
n.&lt;解&gt;胸，（昆虫的）胸部复数：thoracesthoraxes
"
though,"
conj.虽然，尽管；即使；纵然adv.可是，但是；不过；然而；话虽这样说prep.但
"
thousand,"
n.一千；数千；许许多多；千位数adj.一千的；一千个的；成千的；许许多多的复数：thousands
"
throwing,"
n.投掷运动v.投( throw的现在分词 )；掷；扔；抛
"
thumb,"
n.拇指；（手套的）拇指部份vi.翘起拇指请求搭乘（过路汽车），示意请求搭便车；翻阅vt.翻阅；作搭车手势；用拇指翻脏[翻坏]（书页等）复数：thumbs第三人称单数：thumbs过去式：thumbed过去分词：thumbed现在分词：thumbing
"
tigress,"
n.母老虎；凶悍的女人复数：tigresses
"
tiny,"
adj.极小的，微小的n.小孩子；[医]癣比较级：tinier最高级：tiniest
"
tired,"
adj.疲倦的；困倦的；对…不耐烦的；陈旧的v.（使）疲劳（ tire的过去式和过去分词）；对（做）某事感到厌倦比较级：more tired最高级：most tired
"
tofu,"
n.&lt;日&gt;豆腐易混淆的单词：Tofu
"
tornado,"
n.[大气]龙卷风，陆龙卷；大雷雨；具有巨大破坏性的人（或事物）复数：tornadoestornados
"
touch,"
vt.触摸；使某物与…轻轻接触；吃或喝，尝；[数]与…相切n.触摸，碰；触觉，触感；修饰，润色；痕迹vi.接触；联系复数：touches第三人称单数：touches过去式：touched过去分词：touched现在分词：touching易混淆的单词：Touch
"
town,"
n.城镇，市镇；小村庄；城镇居民；商业中心复数：towns易混淆的单词：Town
"
tracked,"
v.跟踪( track的过去式和过去分词 )；跟踪摄影；留下（脏）足迹；追随（潮流等）易混淆的单词：Tracked
"
trail,"
vt.跟踪，追踪；拖曳：让…拖或飘扬在后面；拖沓而行；跟在…后面vi.（在比赛等中）输；（尤指跟在他人后面）疲惫地走；（在比赛或其他竞赛中）落后；蔓生n.足迹；臭迹；小径；一缕复数：trails第三人称单数：trails过去式：trailed过去分词：trailed现在分词：trailing易混淆的单词：Trail
"
training,"
n.训练；培养；（枪炮，摄影机等的）瞄准；整枝法v.训练，培养( train的现在分词)；教育；瞄准；整枝复数：trainings
"
tremendous,"
adj.极大的，巨大的；可怕的，惊人的；极好的比较级：more tremendous最高级：most tremendous
"
trick,"
n.戏法，把戏；计谋，诀窍；骗局；恶作剧vt.哄骗，欺骗；打扮adj.弄虚作假的；有诀窍的；欺诈的复数：tricks第三人称单数：tricks过去式：tricked过去分词：tricked现在分词：tricking易混淆的单词：Trick
"
triplets,"
n.三胞胎之一( triplet的名词复数 )；三个一组；三联体（码）；三连音符
"
TRUE,"
adj.真正的；真实的；忠实的；正确的adv.真正地；确实地；正确地；正当地n.真理，真实；正，准，精确vt.摆正；决定（某物）的位置以使其平衡、平稳或水平复数：trues第三人称单数：trues过去式：trued过去分词：trued现在分词：truing比较级：truer最高级：truest
"
truly,"
adv.真正；精确地，正确地；忠实的，诚实地；正当地易混淆的单词：TrulyTRULY
"
trying,"
adj.令人难于忍受的；难堪的；令人厌烦的v.试图( try的现在分词)；试验，尝试；审讯
"
tubs,"
n.盆( tub的名词复数 )；浴盆；一桶的量；笨拙缓慢的船
"
tuna,"
n.&lt;鱼&gt;金枪鱼（科），鲔鱼；金枪鱼罐头；&lt;植&gt;金枪仙人掌复数：tunatunas易混淆的单词：TUNATuna
"
twice,"
adv.两次；两倍；两遍
"
twirl,"
vt.（使）快速转动；（使）快速旋转；扭动；卷曲n.旋转，转动；万能钥匙；捻弄；旋转的东西vi.旋转，转动第三人称单数：twirls过去式：twirled过去分词：twirled现在分词：twirling
"
uh,"
abbr.upper half 上半部；utility helicopter 通用直升机易混淆的单词：UhUH
"
uh-oh,"
int.呃喔
"
um,"
int.（表示迟疑）嗯易混淆的单词：UmUM
"
underestimate,"
vt.低估；对…估计不足；看轻；把…的价值估计过低n.低估；估计不足；过低评价，过低估价；轻视第三人称单数：underestimates过去式：underestimated过去分词：underestimated现在分词：underestimating
"
unite,"
vt.（使）联合，合并，统一；并有，兼备；混合，化合vi.（为某事）联合，联手，团结第三人称单数：unites过去式：united过去分词：united现在分词：uniting易混淆的单词：UNITE
"
universe,"
n.宇宙；天地万物； 经验领域复数：universes
"
unroll,"
vt.&amp; vi.展开；铺开；展现；显示第三人称单数：unrolls过去式：unrolled过去分词：unrolled现在分词：unrolling
"
unscathed,"
adj.未受损伤的；未受伤害的
"
uphill,"
adj.上坡的，向上的；费力的，辛苦的，艰难的；位于高处的adv.上山地，上坡地；艰难地n.登高，上坡复数：uphills
"
urn,"
n.大茶壶；瓮，缸；坟墓；骨灰瓮复数：urns易混淆的单词：UrnURN
"
usually,"
adv.通常，经常，平常，惯常地；一直，向来；动不动，一般；素
"
valley,"
n.山谷，溪谷，峡谷，谷地，深谷；流域；[建筑]屋顶排水沟，屋面斜沟复数：valleys易混淆的单词：Valley
"
valley's,None
vanished,"
adj.消失了的v.消失( vanish的过去式和过去分词 )；突然不见；不复存在；绝迹
"
vengeance,"
n.报仇，复仇；报复易混淆的单词：Vengeance
"
village,"
n.村民；乡村，村庄；群落复数：villages易混淆的单词：Village
"
villagers,"
n.在乡村住的人，村民( villager的名词复数 )
"
villages,"
n.村( village的名词复数 )；乡村；村庄；村镇
"
viper,"
n.蝰蛇；毒蛇；阴险恶毒的人；奸诈者复数：vipers易混淆的单词：VIPER
"
waited,None
walking,"
n.步行，散步；步法，步态；道路状态adj.步行（用）的；（能）行走的；解雇的，被免职的v.走，步行( walk的现在分词)
"
wanna,"
v.&lt;美俚&gt;想要，希望易混淆的单词：Wanna
"
warlord,"
n.军阀复数：warlords
"
warming,"
adj.（比赛前的）准备动作的，热身的n.加温，升温v.（使）变暖，被加热，暖和起来( warm的现在分词 )；（使）变得更友好，变得更可爱
"
warrior,"
n.武士，勇士；军人；鼓吹战争的人复数：warriors易混淆的单词：Warrior
"
warrior's,None
warriors,"
n.武士，勇士，战士( warrior的名词复数 )易混淆的单词：Warriors
"
waterproof,"
adj.不透水的，防水的；用防水材料处理过的vt.使防水，使不透水；给（布）上胶n.防水衣物，雨衣 usually plural；防水布，油布；防水物，防水材料复数：waterproofs第三人称单数：waterproofs过去式：waterproofed过去分词：waterproofed现在分词：waterproofing易混淆的单词：Waterproof
"
wh,"
abbr.where 哪里；which 哪个；wheel 轮；white 白色易混淆的单词：WhWH
"
whether,"
pron.其中的哪一个n.可能的选择
"
whispering,"
adj.耳语的，爱拨弄是非的v.低声说( whisper的现在分词 )；私语；小声说；私下说
"
whoa,"
int.惊叹声，停止易混淆的单词：WHOA
"
whole,"
adj.全部的，所有的；完整的n.整体，整个；全部复数：wholes
"
whoo,None
whoo-hoo,None
wings,"
n.飞行章，女童军戴的一种翼形章；翼( wing的名词复数 )；翅膀；派；飞行
"
wisdom,"
n.智慧，明智；常识，好的判断力；知识，学问；古训复数：wisdoms易混淆的单词：Wisdom
"
wish,"
v.希望；想要；祝愿n.愿望；希望；希望的事 ；祝福复数：wishes第三人称单数：wishes过去式：wished过去分词：wished现在分词：wishing易混淆的单词：WishWISH
"
wondered,"
vt.对…感到好奇（wonder的过去式与过去分词形式）
"
wounded,"
adj.负伤的，受了伤（害）的v.使受伤，伤害( wound的过去式和过去分词 )；使（心灵）受伤，伤感情；缠绕( wind的过去式和过去分词 )；卷绕
"
wuxi,"
无锡（江苏省）（旧译Wusih 或 Wuhsi）
"
yang,"
n.&lt;汉&gt;阳；雁鸣声易混淆的单词：Yang
"
yee-haw,"
n.咦嗬（表示欢呼的喊声）
"
yep,"
adv.&lt;俚&gt;是易混淆的单词：YepYEp
"
yet,"
adv.但是；还；已经；又，再conj.然而，但是易混淆的单词：Yet
"
yin,"
n.阴（阳之对），中国的殷代易混淆的单词：YinYIN
"
yoo-hoo,"
int.为引起处的人注意时的叫声
"
"you""","
pron.你；你们，您们；各位；大家复数：yous易混淆的单词：YOU
"
yummy,"
adj.很好吃的
"
zombies,"
n.（某些非洲和加勒比地区的宗教及恐怖故事中）靠巫术起死回生的僵尸( zombie的名词复数 )；无生气的人，麻木迟钝的人
"
